{
  "type": "angular-heavy",
  "metrics": {
    "network": {
      "jsBundleKB": 1867.75,
      "totalTransferredKB": 1894.236328125
    },
    "performance": {
      "FCPms": 239.6,
      "FTTSms": 697.2050000004471,
      "stdDev": 17.5733740359572
    },
    "memory": {
      "jsHeapUsedMB": 11.005194091796875
    }
  },
  "timestamp": "2025-12-23T19:09:22.603Z"
}