{
  "type": "angular-light",
  "metrics": {
    "network": {
      "jsBundleKB": 1833.912109375,
      "totalTransferredKB": 1849.3232421875
    },
    "performance": {
      "FCPms": 200.8,
      "FTTSms": 563.9300000000745,
      "stdDev": 277.66929088420056
    },
    "memory": {
      "jsHeapUsedMB": 9.03187961578369
    }
  },
  "timestamp": "2025-12-20T20:58:02.835Z"
}