{
  "type": "angular-light",
  "metrics": {
    "network": {
      "jsBundleKB": 1834.185546875,
      "totalTransferredKB": 1849.5966796875
    },
    "performance": {
      "FCPms": 125.4,
      "FTTSms": 476.35999999716876,
      "stdDev": 24.000862484766003
    },
    "memory": {
      "jsHeapUsedMB": 9.028909492492676
    }
  },
  "timestamp": "2025-12-23T19:09:00.272Z"
}