{
  "type": "angular-heavy",
  "metrics": {
    "network": {
      "jsBundleKB": 1867.76953125,
      "totalTransferredKB": 1894.255859375
    },
    "performance": {
      "FCPms": 245.8,
      "FTTSms": 706.165000000596,
      "stdDev": 20.552330159860045
    },
    "memory": {
      "jsHeapUsedMB": 11.094826316833496
    }
  },
  "timestamp": "2025-12-23T01:05:05.816Z"
}