{
  "type": "react-heavy",
  "metrics": {
    "network": {
      "jsBundleKB": 3382.380859375,
      "totalTransferredKB": 3384.1357421875
    },
    "performance": {
      "FCPms": 187.6,
      "FTTSms": 1037.060000000149,
      "stdDev": 5.769783360755641
    },
    "memory": {
      "jsHeapUsedMB": 45.1267466545105
    }
  },
  "timestamp": "2025-12-23T19:03:21.551Z"
}