{
  "type": "react-light",
  "metrics": {
    "network": {
      "jsBundleKB": 1503.34375,
      "totalTransferredKB": 1505.0986328125
    },
    "performance": {
      "FCPms": 141.6,
      "FTTSms": 576.7300000019371,
      "stdDev": 30.765192995538854
    },
    "memory": {
      "jsHeapUsedMB": 19.527515935897828
    }
  },
  "timestamp": "2025-12-23T19:02:37.738Z"
}